Workbook

Sheet Read Me
A1: CRADI / EWER app — translation review
A3: What this is
A4: Every piece of text in the EWER mobile app, with its English source and the AI-generated translation for each language. Please review and correct the translations for your language.
A6: How to review
A7: 1. Open the tab for your language.
A8: 2. Read "English" and "Where it appears", then check "Translation".
A9: 3. If it is wrong or unnatural, type the corrected text in the yellow "Your correction" column. Leave it empty if the translation is fine.
A10: 4. Set "Status" (yellow) to OK, Corrected or Unsure. Add any comment in "Notes" (yellow).
A11: 5. Rows marked "Please check" in the "AI flag" column are ones the translator was least sure about — start with those.
A13: Important rules for corrections
A14: • Keep anything in curly braces exactly as it is, e.g. {name}, {count}. They are replaced by real values in the app.
A15: • For rows containing "plural" or "select", only change the words inside the inner braces; keep the keywords (plural, select, other, one, =1) unchanged.
... A20: Only edit the yellow columns. The Summary tab counts progress automatically.

Sheet Summary
A1: Language | B1: Strings | C1: AI-flagged "Please check" | D1: "May be too long" | E1: Reviewed (Status set) | F1: Marked Corrected | G1: Marked Unsure | H1: % reviewed
A2: Hausa | B2: =COUNTA('Hausa'!A2:A957) | C2: =COUNTIF('Hausa'!E2:E957,"Please check") | D2: =COUNTIF('Hausa'!E2:E957,"May be too long") | E2: =COUNTA('Hausa'!G2:G957) | F2: =COUNTIF('Hausa'!G2:G957,"Corrected") | G2: =COUNTIF('Hausa'!G2:G957,"Unsure") | H2: =IFERROR(E2/B2,0)
A3: Yoruba | B3: =COUNTA('Yoruba'!A2:A957) | C3: =COUNTIF('Yoruba'!E2:E957,"Please check") | D3: =COUNTIF('Yoruba'!E2:E957,"May be too long") | E3: =COUNTA('Yoruba'!G2:G957) | F3: =COUNTIF('Yoruba'!G2:G957,"Corrected") | G3: =COUNTIF('Yoruba'!G2:G957,"Unsure") | H3: =IFERROR(E3/B3,0)
A4: Igbo | B4: =COUNTA('Igbo'!A2:A957) | C4: =COUNTIF('Igbo'!E2:E957,"Please check") | D4: =COUNTIF('Igbo'!E2:E957,"May be too long") | E4: =COUNTA('Igbo'!G2:G957) | F4: =COUNTIF('Igbo'!G2:G957,"Corrected") | G4: =COUNTIF('Igbo'!G2:G957,"Unsure") | H4: =IFERROR(E4/B4,0)
A5: Nigerian Pidgin | B5: =COUNTA('Nigerian Pidgin'!A2:A957) | C5: =COUNTIF('Nigerian Pidgin'!E2:E957,"Please check") | D5: =COUNTIF('Nigerian Pidgin'!E2:E957,"May be too long") | E5: =COUNTA('Nigerian Pidgin'!G2:G957) | F5: =COUNTIF('Nigerian Pidgin'!G2:G957,"Corrected") | G5: =COUNTIF('Nigerian Pidgin'!G2:G957,"Unsure") | H5: =IFERROR(E5/B5,0)
A7: Counts update automatically from each language tab.

Sheet Hausa
A1: Key | B1: Where it appears | C1: English | D1: Translation | E1: AI flag | F1: Your correction | G1: Status | H1: Notes
A2: appTitle | B2: The application title. Used in: main. | C2: EWER Early Warning | D2: EWER Gargaɗin Farko
A3: monitoringZone | B3: Label for monitoring zone header. Used in: home screen. | C3: Monitoring Zone | D3: Yankin Sa Ido
A4: toVerify | B4: Tab label for reports pending verification. Used in: home screen. | C4: To Verify | D4: Don Tabbatarwa
A5: alerts | B5: Tab label for alerts. Used in: alerts list screen, home screen. | C5: Alerts | D5: Faɗakarwa
A6: myReports | B6: Tab label for user's own reports. Used in: home screen, my reports screen, user profile screen. | C6: My Reports | D6: Rahotannina
A7: browseCategories | B7: Section header for hazard categories. Used in: home screen, knowledge base screen. | C7: Browse Categories | D7: Duba Nau'o'i
A8: noReportsToVerify | B8: Empty state for verification tab. Used in: home screen. | C8: No reports to verify | D8: Babu rahotanni don tabbatarwa
A9: noActiveAlerts | B9: Empty state for alerts tab. Used in: admin alerts screen, alerts list screen. | C9: No active alerts | D9: Babu faɗakarwa a yanzu
A10: seeAll | B10: Link to view all items in a section. Used in: home screen, knowledge base screen. | C10: See All | D10: Duba Duka
A11: notifications | B11: Upper-case caption on the settings screen. | C11: NOTIFICATIONS | D11: SANARWA
A12: pushNotifications | B12: UI text on the settings screen. | C12: Push Notifications | D12: Sanarwa Kai Tsaye | E12: Please check
A13: general | B13: Upper-case caption on the settings screen. | C13: GENERAL | D13: GABAƊAYA
A14: language | B14: UI text on the settings screen. | C14: Language | D14: Harshe
A15: helpFaq | B15: UI text on the settings screen. | C15: Help & FAQ | D15: Taimako da Tambayoyi | E15: May be too long
A16: aboutApp | B16: UI text on the about app screen, settings screen. | C16: About App | D16: Game da App
A17: logout | B17: Button label (keep short, max ~20 chars) on the access code verification screen, main shell screen, pending approval screen. | C17: Log Out | D17: Fita
A18: back | B18: Button label (keep short, max ~20 chars) on the settings screen. | C18: Back | D18: Komawa
A19: cancel | B19: Button label (keep short, max ~20 chars) on the admin knowledge screen, admin reports screen, admin users screen. | C19: Cancel | D19: Soke
A20: save | B20: Button label (keep short, max ~20 chars) on the emergency contacts screen, user profile screen. | C20: Save | D20: Ajiye
A21: delete | B21: Button label (keep short, max ~20 chars) on the admin knowledge screen, emergency contacts screen, notifications screen. | C21: Delete | D21: Goge
A22: edit | B22: Button label (keep short, max ~20 chars) on the emergency contacts screen. | C22: Edit | D22: Gyara
A23: continueButton | B23: Button label (keep short, max ~20 chars) on the hazard selection screen, permission service. | C23: Continue | D23: Ci gaba
A24: retry | B24: Button label (keep short, max ~20 chars) on the admin reports screen, admin screen, admin users screen. | C24: Retry | D24: Sake Gwadawa | E24: May be too long
A25: close | B25: Button label (keep short, max ~20 chars) on the about app screen, sos sheet. | C25: Close | D25: Rufe
A26: settingsTitle | B26: Settings screen title. Used in: settings screen. | C26: Settings | D26: Saituna
A27: verifyPhoneNumber | B27: UI text on the otp verification screen. | C27: Verify Phone Number | D27: Tabbatar da Lambar Waya
A28: resendCode | B28: Button label (keep short, max ~20 chars) on the access code verification screen, otp verification screen. | C28: Resend Code | D28: Sake Aika Lambar
A29: verify | B29: Button label (keep short, max ~20 chars) on the user profile screen. | C29: Verify | D29: Tabbatar
A30: selectHazard | B30: UI text on the hazard selection screen. | C30: Select Hazard | D30: Zaɓi Haɗari
A31: whatIncident | B31: UI text on the hazard selection screen. | C31: What type of incident are you reporting? | D31: Wane irin lamari kake bayar da rahoto?
A32: erosion | B32: UI text on the home screen. | C32: Erosion | D32: Zaizaya
A33: howSevereSituation | B33: UI text on the severity selection screen. | C33: How severe is the situation? | D33: Yaya tsananin lamarin?
A34: setSeverity | B34: UI text on the severity selection screen. | C34: Set Severity | D34: Zaɓi Tsanani
A35: nextLocation | B35: UI text on the severity selection screen. | C35: Next: Location | D35: Na Gaba: Wuri
A36: lowMinorImpact | B36: UI text on the severity selection screen. | C36: Low - Minor impact | D36: Ƙarami - Tasiri kaɗan
... A49: languagePreference | B49: UI text on the user profile screen. | C49: Language Preference | D49: Zaɓin Harshe
A50: offlineDataSync | B50: UI text on the user profile screen. | C50: Offline Data Sync | D50: Daidaita Bayanan da Aka Ajiye | E50: May be too long
A51: upToDate | B51: UI text on the user profile screen. | C51: Up to date | D51: An sabunta
A52: helpSupport | B52: UI text on the help support screen, user profile screen. | C52: Help & Support | D52: Taimako da Goyon Baya
A53: biometricsNotAvailable | B53: UI text on the user profile screen. | C53: Biometrics not available on this device | D53: Biometric ba ya samuwa akan wannan na'ura
A54: biometricsEnabled | B54: UI text on the settings screen. | C54: Biometric login enabled | D54: An kunna shiga ta biometric
A55: biometricsDisabled | B55: UI text on the settings screen. | C55: Biometric login disabled | D55: An kashe shiga ta biometric
A56: profileUpdated | B56: Message on the user profile screen. | C56: Profile updated successfully! | D56: An sabunta bayananka cikin nasara!
A57: syncing | B57: Message on the home screen. | C57: Syncing... | D57: Ana daidaitawa... | E57: May be too long
A58: offline | B58: UI text on the home screen. | C58: Offline | D58: Babu Intanet
A59: offlineModeReady | B59: UI text on the report details screen. | C59: Offline Mode Ready: | D59: Shirye don Aiki Ba Tare da Intanet ba: | E59: May be too long
A60: validation_required | B60: UI text on the validators. | C60: This field is required | D60: Ana buƙatar wannan filin
A61: validation_invalidEmail | B61: UI text on the auth provider, profile provider, validators. | C61: Please enter a valid email address | D61: Don Allah shigar da ingantaccen adireshin imel
A62: validation_minLength | B62: Validation message for minimum length. Used in: validators. | C62: Must be at least {length} characters | D62: Dole ya kai aƙalla haruffa {length}
A63: validation_maxLength | B63: Validation message for maximum length. Used in: validators. | C63: Must be at most {length} characters | D63: Kada ya wuce haruffa {length}
A64: syncStatus | B64: Upper-case caption on the alerts list screen, home screen. | C64: SYNC STATUS | D64: MATSAYIN DAIDAITAWA | E64: May be too long
A65: onlineJustNow | B65: UI text on the alerts list screen, home screen. | C65: Online • Just now | D65: A Yanar Gizo • Yanzu
A66: active | B66: UI text on the home screen. | C66: active | D66: mai aiki
A67: pending | B67: UI text on the home screen, reports status screen. | C67: Pending | D67: Ana Jira
A68: verified | B68: UI text on the reports status screen. | C68: Verified | D68: An Tabbatar
A69: approved | B69: UI text on the home screen, reports status screen. | C69: Approved | D69: An Amince
A70: floodsCategory | B70: UI text on the alerts list screen, home screen. | C70: Floods | D70: Ambaliya
A71: droughtsCategory | B71: UI text on the home screen. | C71: Droughts | D71: Fari
A72: pestsCategory | B72: UI text on the alerts list screen, home screen. | C72: Pests | D72: Kwari
A73: conflictsCategory | B73: UI text on the home screen. | C73: Conflicts | D73: Rikici
A74: noRecentAlerts | B74: UI text on the home screen. | C74: No recent alerts | D74: Babu sabbin faɗakarwa
A75: selectZone | B75: UI text on the home screen, settings screen. | C75: Select Zone | D75: Zaɓi Yanki
A76: activeZone | B76: UI text on the home screen, settings screen. | C76: Active | D76: Mai Aiki
... A81: noReportsStatus | B81: UI text on the reports status screen. | C81: No {status} Reports | D81: Babu Rahotannin {status}
A82: refresh | B82: Button label (keep short, max ~20 chars) on the admin screen, location picker screen, nearby reports screen. | C82: Refresh | D82: Sake Sabuntawa | E82: May be too long
A83: reportedBy | B83: UI text on the reports status screen. | C83: Reported by {name} | D83: Rahoto daga {name}
A84: viewDetails | B84: UI text on the reports status screen. | C84: View Details | D84: Duba Cikakkun Bayanai | E84: May be too long
A85: reportVerified | B85: UI text on the reports status screen. | C85: Report verified successfully | D85: An tabbatar da rahoton cikin nasara
A86: verifyReport | B86: Button label (keep short, max ~20 chars) on the reports status screen. | C86: Verify | D86: Tabbatar
A87: reportRejectedItem | B87: UI text on the peer verification service, report view screen, reports status screen. | C87: Report rejected | D87: An ƙi rahoton
A88: reject | B88: Button label (keep short, max ~20 chars) on the admin reports screen, report staff actions, reports status screen. | C88: Reject | D88: Ƙi
A89: reportResolvedItem | B89: UI text on the peer verification service, reports status screen. | C89: Report approved | D89: An amince da rahoton
A90: markResolved | B90: Button label (keep short, max ~20 chars) on the reports status screen. | C90: Approve | D90: Amince
A91: reportMovedPending | B91: UI text on the reports status screen. | C91: Report moved back to Pending | D91: An mayar da rahoton zuwa Ana Jira
A92: reopen | B92: Button label (keep short, max ~20 chars) on the report staff actions, reports status screen. | C92: Reopen | D92: Sake buɗewa
A93: reportReopenedPending | B93: UI text on the reports status screen. | C93: Report reopened and moved to Pending | D93: An sake buɗe rahoton kuma an mayar da shi zuwa Ana Jira
A94: reportDetailsTitle | B94: Label/heading on the admin reports screen, location picker screen, report details screen. | C94: Report Details | D94: Cikakkun Bayanan Rahoto | E94: May be too long
A95: descriptionLabel | B95: Label/heading on the admin reports screen, alert detail screen, report details screen. | C95: Description | D95: Bayani
A96: describeHazardHint | B96: Message on the report details screen. | C96: Describe the hazard here (e.g. flood levels rising, bridge collapsed)... | D96: Bayyana haɗarin a nan (misali, ruwan ambaliya na ƙaruwa, gada ta rushe)...
A97: speechNotAvailable | B97: UI text on the report details screen. | C97: Speech recognition not available | D97: Gane murya ba ya samuwa
A98: listeningSpeakNow | B98: UI text on the report details screen. | C98: Listening... Speak now | D98: Ana saurare... Ka yi magana yanzu
A99: beSpecificLocationSeverity | B99: Message on the report details screen. | C99: Be specific about location and severity. | D99: Bayyana wurin da tsananin lamarin sosai.
A100: whenDidThisOccur | B100: UI text on the report details screen. | C100: When Did This Occur? | D100: Yaushe Wannan Ya Faru?
A101: optionalLabel | B101: Label/heading on the report details screen. | C101: Optional | D101: Na zaɓi
A102: todayLabel | B102: Label/heading on the report details screen. | C102: Today | D102: Yau
A103: tapToSelectDateTime | B103: Message on the report details screen. | C103: Tap to select date & time. Defaults to now if not changed. | D103: Danna don zaɓar kwanan wata da lokaci. Idan ba ka canza ba, zai kasance lokacin yanzu.
A104: evidenceLabel | B104: Label/heading on the report details screen, report review screen. | C104: Evidence | D104: Shaida
A105: max3Photos | B105: UI text on the report details screen. | C105: Max 3 photos | D105: Hotuna 3 kawai
A106: offlineModeMessage | B106: Message on the report details screen. | C106: Your photos will be compressed automatically. Reports are saved locally until you have internet. | D106: Za a rage girman hotunanka kai tsaye. Ana ajiye rahotanni a cikin wayar har sai ka samu intanet.
... A129: severityHighShort | B129: UI text on the location picker screen. | C129: High | D129: Babba
A130: severityCritShort | B130: UI text on the location picker screen. | C130: Crit | D130: Gaggawa | E130: Please check
A131: dateTimeLabel | B131: Label/heading on the report review screen. | C131: Date & Time | D131: Kwanan Wata & Lokaci | E131: May be too long
A132: whenItOccurred | B132: UI text on the report review screen. | C132: When it occurred | D132: Lokacin da ya faru
A133: locationLabel | B133: Label/heading on the alert detail screen, registration screen, report review screen. | C133: Location | D133: Wuri
A134: notProvided | B134: UI text on the report review screen. | C134: Not Provided | D134: Ba a bayar ba
A135: monitorNotes | B135: UI text on the report review screen. | C135: Monitor Notes | D135: Bayanan Mai Lura
A136: noDescriptionProvided | B136: UI text on the admin reports screen, report review screen. | C136: No description provided | D136: Babu bayanin da aka bayar
A137: addPhotoBtn | B137: Button label (keep short, max ~20 chars) on the report review screen. | C137: Add | D137: Saka
A138: submitReportBtn | B138: Button label (keep short, max ~20 chars) on the report review screen. | C138: Submit Report | D138: Aika Rahoto
...

Sheet Yoruba
A1: Key | B1: Where it appears | C1: English | D1: Translation | E1: AI flag | F1: Your correction | G1: Status | H1: Notes
A2: appTitle | B2: The application title. Used in: main. | C2: EWER Early Warning | D2: EWER Ìkìlọ̀ Kùtùkùtù
A3: monitoringZone | B3: Label for monitoring zone header. Used in: home screen. | C3: Monitoring Zone | D3: Agbègbè Àbójútó
A4: toVerify | B4: Tab label for reports pending verification. Used in: home screen. | C4: To Verify | D4: Láti Jẹ́rìísí
A5: alerts | B5: Tab label for alerts. Used in: alerts list screen, home screen. | C5: Alerts | D5: Àwọn Ìkìlọ̀
A6: myReports | B6: Tab label for user's own reports. Used in: home screen, my reports screen, user profile screen. | C6: My Reports | D6: Àwọn Ìròyìn Mi
A7: browseCategories | B7: Section header for hazard categories. Used in: home screen, knowledge base screen. | C7: Browse Categories | D7: Wo Àwọn Ẹ̀ka
A8: noReportsToVerify | B8: Empty state for verification tab. Used in: home screen. | C8: No reports to verify | D8: Kò sí ìròyìn láti jẹ́rìísí
A9: noActiveAlerts | B9: Empty state for alerts tab. Used in: admin alerts screen, alerts list screen. | C9: No active alerts | D9: Kò sí ìkìlọ̀ tó ń lọ lọ́wọ́ | E9: May be too long
A10: seeAll | B10: Link to view all items in a section. Used in: home screen, knowledge base screen. | C10: See All | D10: Wo Gbogbo Rẹ̀
A11: notifications | B11: Upper-case caption on the settings screen. | C11: NOTIFICATIONS | D11: ÌFITÓNILÉTÍ
A12: pushNotifications | B12: UI text on the settings screen. | C12: Push Notifications | D12: Ìfitónilétí Orí Fóònù
A13: general | B13: Upper-case caption on the settings screen. | C13: GENERAL | D13: GBOGBOGBÒ
A14: language | B14: UI text on the settings screen. | C14: Language | D14: Èdè
A15: helpFaq | B15: UI text on the settings screen. | C15: Help & FAQ | D15: Ìrànlọ́wọ́ & Ìbéèrè | E15: May be too long
A16: aboutApp | B16: UI text on the about app screen, settings screen. | C16: About App | D16: Nípa Áàpù | E16: Please check
A17: logout | B17: Button label (keep short, max ~20 chars) on the access code verification screen, main shell screen, pending approval screen. | C17: Log Out | D17: Jáde
A18: back | B18: Button label (keep short, max ~20 chars) on the settings screen. | C18: Back | D18: Padà
A19: cancel | B19: Button label (keep short, max ~20 chars) on the admin knowledge screen, admin reports screen, admin users screen. | C19: Cancel | D19: Fagilé
A20: save | B20: Button label (keep short, max ~20 chars) on the emergency contacts screen, user profile screen. | C20: Save | D20: Fi Pamọ́
A21: delete | B21: Button label (keep short, max ~20 chars) on the admin knowledge screen, emergency contacts screen, notifications screen. | C21: Delete | D21: Pa Rẹ́
A22: edit | B22: Button label (keep short, max ~20 chars) on the emergency contacts screen. | C22: Edit | D22: Ṣàtúnṣe
A23: continueButton | B23: Button label (keep short, max ~20 chars) on the hazard selection screen, permission service. | C23: Continue | D23: Tẹ̀síwájú
A24: retry | B24: Button label (keep short, max ~20 chars) on the admin reports screen, admin screen, admin users screen. | C24: Retry | D24: Tún Gbìyànjú | E24: May be too long
A25: close | B25: Button label (keep short, max ~20 chars) on the about app screen, sos sheet. | C25: Close | D25: Pa Dé
A26: settingsTitle | B26: Settings screen title. Used in: settings screen. | C26: Settings | D26: Ètò
A27: verifyPhoneNumber | B27: UI text on the otp verification screen. | C27: Verify Phone Number | D27: Jẹ́rìísí Nọ́mbà Fóònù
A28: resendCode | B28: Button label (keep short, max ~20 chars) on the access code verification screen, otp verification screen. | C28: Resend Code | D28: Tún Kóòdù Fi Ránṣẹ́ | E28: May be too long
A29: verify | B29: Button label (keep short, max ~20 chars) on the user profile screen. | C29: Verify | D29: Jẹ́rìísí
A30: selectHazard | B30: UI text on the hazard selection screen. | C30: Select Hazard | D30: Yan Ewu
A31: whatIncident | B31: UI text on the hazard selection screen. | C31: What type of incident are you reporting? | D31: Irú ìṣẹ̀lẹ̀ wo lò ń ròyìn rẹ̀?
A32: erosion | B32: UI text on the home screen. | C32: Erosion | D32: Ìjẹ̀bàjẹ́ Ilẹ̀ | E32: Please check
A33: howSevereSituation | B33: UI text on the severity selection screen. | C33: How severe is the situation? | D33: Báwo ni ipò náà ṣe le tó?
A34: setSeverity | B34: UI text on the severity selection screen. | C34: Set Severity | D34: Ṣètò Bí Ó Ti Le Tó
A35: nextLocation | B35: UI text on the severity selection screen. | C35: Next: Location | D35: Èyí tó kàn: Ibi
A36: lowMinorImpact | B36: UI text on the severity selection screen. | C36: Low - Minor impact | D36: Kéré - Ipa díẹ̀
A37: mediumNoticeableImpact | B37: UI text on the severity selection screen. | C37: Medium - Noticeable impact | D37: Àárín - Ipa tó hàn gbangba
A38: highSignificantDamage | B38: UI text on the severity selection screen. | C38: High - Significant damage | D38: Ga - Ìbàjẹ́ ńlá
A39: criticalLifeThreatening | B39: UI text on the severity selection screen. | C39: Critical - Life threatening | D39: Ewu Ńlá - Ó léwu fún ẹ̀mí
A40: camera | B40: UI text on the user profile screen. | C40: Camera | D40: Kámẹ́rà
A41: useMyLocationInfo | B41: UI text on the location picker screen. | C41: Use My Location Info | D41: Lo Ìwífún Ibi Tí Mo Wà
A42: myProfile | B42: UI text on the user profile screen. | C42: My Profile | D42: Profaili Mi | E42: Please check
A43: editProfileDetails | B43: UI text on the user profile screen. | C43: Edit Profile Details | D43: Ṣàtúnṣe Àlàyé Profaili
A44: fullName | B44: UI text on the registration screen, user profile screen. | C44: Full Name | D44: Orúkọ Kíkún
A45: emailAddress | B45: UI text on the forgot password screen, login screen, registration screen. | C45: Email Address | D45: Àdírẹ́sì Ímeèlì
A46: biometricLogin | B46: UI text on the settings screen, user profile screen. | C46: Biometric Login | D46: Wíwọlé Pẹ̀lú Ìdánimọ̀ Ara | E46: May be too long
A47: enabled | B47: UI text on the user profile screen. | C47: Enabled | D47: Ó ti tàn | E47: Please check
A48: disabled | B48: UI text on the user profile screen. | C48: Disabled | D48: Ó ti kú | E48: Please check
A49: languagePreference | B49: UI text on the user profile screen. | C49: Language Preference | D49: Èdè Tí O Fẹ́
A50: offlineDataSync | B50: UI text on the user profile screen. | C50: Offline Data Sync | D50: Ìmúdọ́gba Dátà Láìsí Ayélujára | E50: May be too long
A51: upToDate | B51: UI text on the user profile screen. | C51: Up to date | D51: Ó ti bá àkókò mu
A52: helpSupport | B52: UI text on the help support screen, user profile screen. | C52: Help & Support | D52: Ìrànlọ́wọ́ & Àtìlẹ́yìn
A53: biometricsNotAvailable | B53: UI text on the user profile screen. | C53: Biometrics not available on this device | D53: Ìdánimọ̀ ara kò sí lórí ẹ̀rọ yìí
A54: biometricsEnabled | B54: UI text on the settings screen. | C54: Biometric login enabled | D54: Wíwọlé pẹ̀lú ìdánimọ̀ ara ti tàn
A55: biometricsDisabled | B55: UI text on the settings screen. | C55: Biometric login disabled | D55: Wíwọlé pẹ̀lú ìdánimọ̀ ara ti kú
A56: profileUpdated | B56: Message on the user profile screen. | C56: Profile updated successfully! | D56: A ti ṣe àtúnṣe profaili rẹ ní àṣeyọrí!
A57: syncing | B57: Message on the home screen. | C57: Syncing... | D57: Ó ń múdọ́gba...
A58: offline | B58: UI text on the home screen. | C58: Offline | D58: Kò sí lórí ayélujára | E58: May be too long
A59: offlineModeReady | B59: UI text on the report details screen. | C59: Offline Mode Ready: | D59: Ipò Àìsí-Ayélujára Ti Ṣetán:
A60: validation_required | B60: UI text on the validators. | C60: This field is required | D60: Àyè yìí pọn dandan
A61: validation_invalidEmail | B61: UI text on the auth provider, profile provider, validators. | C61: Please enter a valid email address | D61: Jọ̀wọ́ tẹ àdírẹ́sì ímeèlì tó tọ́
A62: validation_minLength | B62: Validation message for minimum length. Used in: validators. | C62: Must be at least {length} characters | D62: Ó gbọ́dọ̀ tó ó kéré tán ìlẹ́tà {length}
A63: validation_maxLength | B63: Validation message for maximum length. Used in: validators. | C63: Must be at most {length} characters | D63: Kò gbọ́dọ̀ ju ìlẹ́tà {length} lọ
A64: syncStatus | B64: Upper-case caption on the alerts list screen, home screen. | C64: SYNC STATUS | D64: IPÒ ÌMÚDỌ́GBA
A65: onlineJustNow | B65: UI text on the alerts list screen, home screen. | C65: Online • Just now | D65: Lórí ayélujára • Nísinsìnyí
A66: active | B66: UI text on the home screen. | C66: active | D66: ń ṣiṣẹ́
A67: pending | B67: UI text on the home screen, reports status screen. | C67: Pending | D67: Ń Dúró
A68: verified | B68: UI text on the reports status screen. | C68: Verified | D68: Ti Jẹ́rìísí
A69: approved | B69: UI text on the home screen, reports status screen. | C69: Approved | D69: Ti Fọwọ́ Sí
A70: floodsCategory | B70: UI text on the alerts list screen, home screen. | C70: Floods | D70: Ìkún Omi
A71: droughtsCategory | B71: UI text on the home screen. | C71: Droughts | D71: Ọ̀dá
A72: pestsCategory | B72: UI text on the alerts list screen, home screen. | C72: Pests | D72: Kòkòrò Apanirun | E72: May be too long
A73: conflictsCategory | B73: UI text on the home screen. | C73: Conflicts | D73: Rògbòdìyàn
A74: noRecentAlerts | B74: UI text on the home screen. | C74: No recent alerts | D74: Kò sí ìkìlọ̀ tuntun
A75: selectZone | B75: UI text on the home screen, settings screen. | C75: Select Zone | D75: Yan Agbègbè
A76: activeZone | B76: UI text on the home screen, settings screen. | C76: Active | D76: Ń Ṣiṣẹ́
A77: notSetZone | B77: UI text on the home screen, settings screen. | C77: Not Set | D77: Kò Tíì Ṣètò
A78: reportsStatus | B78: UI text on the reports status screen. | C78: Reports Status | D78: Ipò Àwọn Ìròyìn
A79: rejected | B79: UI text on the reports status screen. | C79: Rejected | D79: Ti Kọ̀ Ọ́
A80: generateReport | B80: UI text on the reports status screen. | C80: Generate Report | D80: Ṣẹ̀dá Àkọsílẹ̀ | E80: Please check
A81: noReportsStatus | B81: UI text on the reports status screen. | C81: No {status} Reports | D81: Kò Sí Ìròyìn {status}
A82: refresh | B82: Button label (keep short, max ~20 chars) on the admin screen, location picker screen, nearby reports screen. | C82: Refresh | D82: Sọ Di Tuntun
A83: reportedBy | B83: UI text on the reports status screen. | C83: Reported by {name} | D83: Láti ọwọ́ {name}
A84: viewDetails | B84: UI text on the reports status screen. | C84: View Details | D84: Wo Àlàyé
A85: reportVerified | B85: UI text on the reports status screen. | C85: Report verified successfully | D85: A ti jẹ́rìísí ìròyìn náà ní àṣeyọrí
A86: verifyReport | B86: Button label (keep short, max ~20 chars) on the reports status screen. | C86: Verify | D86: Jẹ́rìísí
A87: reportRejectedItem | B87: UI text on the peer verification service, report view screen, reports status screen. | C87: Report rejected | D87: A ti kọ ìròyìn náà
A88: reject | B88: Button label (keep short, max ~20 chars) on the admin reports screen, report staff actions, reports status screen. | C88: Reject | D88: Kọ̀ Ọ́
A89: reportResolvedItem | B89: UI text on the peer verification service, reports status screen. | C89: Report approved | D89: A ti fọwọ́ sí ìròyìn náà
A90: markResolved | B90: Button label (keep short, max ~20 chars) on the reports status screen. | C90: Approve | D90: Fọwọ́ Sí
A91: reportMovedPending | B91: UI text on the reports status screen. | C91: Report moved back to Pending | D91: A ti dá ìròyìn náà padà sí Ń Dúró
A92: reopen | B92: Button label (keep short, max ~20 chars) on the report staff actions, reports status screen. | C92: Reopen | D92: Tún Ṣí
... A108: cameraBtn | B108: Button label (keep short, max ~20 chars) on the report details screen. | C108: Camera | D108: Kámẹ́rà
A109: galleryBtn | B109: Button label (keep short, max ~20 chars) on the report details screen. | C109: Gallery | D109: Àkójọ Àwòrán | E109: Please check
A110: submissionFailed | B110: UI text on the report review screen. | C110: Submission failed | D110: Fífi ránṣẹ́ kùnà
A111: savedForLater | B111: UI text on the report review screen. | C111: Saved for Later | D111: Ti Fi Pamọ́ Fún Ìgbà Míì
A112: reportSubmittedTitle | B112: Label/heading on the report review screen. | C112: Report Submitted! | D112: A Ti Fi Ìròyìn Ránṣẹ́!
A113: offlineReportMessage | B113: Message on the report review screen. | C113: You are offline. The report will be sent automatically when you are back online. | D113: O kò sí lórí ayélujára. A ó fi ìròyìn náà ránṣẹ́ fúnra rẹ̀ nígbà tí o bá padà sórí ayélujára.
A114: onlineReportMessage | B114: Message on the report review screen. | C114: Your report has been successfully sent to central command. | D114: A ti fi ìròyìn rẹ ránṣẹ́ sí ibùdó àṣẹ àárín gbùngbùn ní àṣeyọrí.
A115: statusLabel | B115: Label/heading on the report review screen. | C115: STATUS | D115: IPÒ
...

Sheet Igbo
A1: Key | B1: Where it appears | C1: English | D1: Translation | E1: AI flag | F1: Your correction | G1: Status | H1: Notes
A2: appTitle | B2: The application title. Used in: main. | C2: EWER Early Warning | D2: EWER Ịdọ Aka ná Ntị n'Oge
A3: monitoringZone | B3: Label for monitoring zone header. Used in: home screen. | C3: Monitoring Zone | D3: Mpaghara Nlekọta
A4: toVerify | B4: Tab label for reports pending verification. Used in: home screen. | C4: To Verify | D4: Ịnyocha
A5: alerts | B5: Tab label for alerts. Used in: alerts list screen, home screen. | C5: Alerts | D5: Ọkwa | E5: Please check
A6: myReports | B6: Tab label for user's own reports. Used in: home screen, my reports screen, user profile screen. | C6: My Reports | D6: Akụkọ M
A7: browseCategories | B7: Section header for hazard categories. Used in: home screen, knowledge base screen. | C7: Browse Categories | D7: Lelee Ụdị Dị Iche Iche
A8: noReportsToVerify | B8: Empty state for verification tab. Used in: home screen. | C8: No reports to verify | D8: Enweghị akụkọ a ga-enyocha
A9: noActiveAlerts | B9: Empty state for alerts tab. Used in: admin alerts screen, alerts list screen. | C9: No active alerts | D9: Enweghị ọkwa na-arụ ọrụ
A10: seeAll | B10: Link to view all items in a section. Used in: home screen, knowledge base screen. | C10: See All | D10: Hụ Ha Niile
A11: notifications | B11: Upper-case caption on the settings screen. | C11: NOTIFICATIONS | D11: ỌKWA | E11: Please check
A12: pushNotifications | B12: UI text on the settings screen. | C12: Push Notifications | D12: Ọkwa Mbanye
A13: general | B13: Upper-case caption on the settings screen. | C13: GENERAL | D13: IZUGBE
A14: language | B14: UI text on the settings screen. | C14: Language | D14: Asụsụ
A15: helpFaq | B15: UI text on the settings screen. | C15: Help & FAQ | D15: Enyemaka & Ajụjụ
A16: aboutApp | B16: UI text on the about app screen, settings screen. | C16: About App | D16: Maka Ngwa A
A17: logout | B17: Button label (keep short, max ~20 chars) on the access code verification screen, main shell screen, pending approval screen. | C17: Log Out | D17: Pụọ
A18: back | B18: Button label (keep short, max ~20 chars) on the settings screen. | C18: Back | D18: Laghachi
A19: cancel | B19: Button label (keep short, max ~20 chars) on the admin knowledge screen, admin reports screen, admin users screen. | C19: Cancel | D19: Kagbuo
A20: save | B20: Button label (keep short, max ~20 chars) on the emergency contacts screen, user profile screen. | C20: Save | D20: Chekwaa
A21: delete | B21: Button label (keep short, max ~20 chars) on the admin knowledge screen, emergency contacts screen, notifications screen. | C21: Delete | D21: Hichapụ
A22: edit | B22: Button label (keep short, max ~20 chars) on the emergency contacts screen. | C22: Edit | D22: Dezie
A23: continueButton | B23: Button label (keep short, max ~20 chars) on the hazard selection screen, permission service. | C23: Continue | D23: Gaa n'ihu
... A31: whatIncident | B31: UI text on the hazard selection screen. | C31: What type of incident are you reporting? | D31: Kedu ụdị ihe mere ị na-akọ?
A32: erosion | B32: UI text on the home screen. | C32: Erosion | D32: Mbuze Ala | E32: Please check
A33: howSevereSituation | B33: UI text on the severity selection screen. | C33: How severe is the situation? | D33: Olee otú ọnọdụ ahụ si njọ?
A34: setSeverity | B34: UI text on the severity selection screen. | C34: Set Severity | D34: Tọọ Ogo Njọ
A35: nextLocation | B35: UI text on the severity selection screen. | C35: Next: Location | D35: Ọzọ: Ebe
A36: lowMinorImpact | B36: UI text on the severity selection screen. | C36: Low - Minor impact | D36: Obere - Mmetụta nta
A37: mediumNoticeableImpact | B37: UI text on the severity selection screen. | C37: Medium - Noticeable impact | D37: Etiti - Mmetụta a na-ahụ anya
A38: highSignificantDamage | B38: UI text on the severity selection screen. | C38: High - Significant damage | D38: Elu - Oke mmebi
A39: criticalLifeThreatening | B39: UI text on the severity selection screen. | C39: Critical - Life threatening | D39: Oke Egwu - Na-etinye ndụ n'ihe egwu
A40: camera | B40: UI text on the user profile screen. | C40: Camera | D40: Kamera
A41: useMyLocationInfo | B41: UI text on the location picker screen. | C41: Use My Location Info | D41: Jiri Ozi Ebe M Nọ
A42: myProfile | B42: UI text on the user profile screen. | C42: My Profile | D42: Profaịlụ M
A43: editProfileDetails | B43: UI text on the user profile screen. | C43: Edit Profile Details | D43: Dezie Nkọwa Profaịlụ
A44: fullName | B44: UI text on the registration screen, user profile screen. | C44: Full Name | D44: Aha Zuru Ezu
... A49: languagePreference | B49: UI text on the user profile screen. | C49: Language Preference | D49: Asụsụ Ị Họọrọ
A50: offlineDataSync | B50: UI text on the user profile screen. | C50: Offline Data Sync | D50: Mmekọrịta Data Na-enweghị Ịntanetị | E50: Please check
A51: upToDate | B51: UI text on the user profile screen. | C51: Up to date | D51: Ọ dị ọhụrụ
A52: helpSupport | B52: UI text on the help support screen, user profile screen. | C52: Help & Support | D52: Enyemaka & Nkwado
A53: biometricsNotAvailable | B53: UI text on the user profile screen. | C53: Biometrics not available on this device | D53: Biometrik adịghị na ngwaọrụ a
A54: biometricsEnabled | B54: UI text on the settings screen. | C54: Biometric login enabled | D54: Agbanyela nbanye biometrik
A55: biometricsDisabled | B55: UI text on the settings screen. | C55: Biometric login disabled | D55: Agbanyụla nbanye biometrik
A56: profileUpdated | B56: Message on the user profile screen. | C56: Profile updated successfully! | D56: Emelitere profaịlụ nke ọma!
A57: syncing | B57: Message on the home screen. | C57: Syncing... | D57: Na-emekọrịta... | E57: Please check
A58: offline | B58: UI text on the home screen. | C58: Offline | D58: Enweghị ịntanetị | E58: May be too long
A59: offlineModeReady | B59: UI text on the report details screen. | C59: Offline Mode Ready: | D59: Ọnọdụ Enweghị Ịntanetị Dị Njikere: | E59: May be too long
A60: validation_required | B60: UI text on the validators. | C60: This field is required | D60: Ọ dị mkpa ide ihe n'ebe a
A61: validation_invalidEmail | B61: UI text on the auth provider, profile provider, validators. | C61: Please enter a valid email address | D61: Biko tinye adreesị imel ziri ezi
A62: validation_minLength | B62: Validation message for minimum length. Used in: validators. | C62: Must be at least {length} characters | D62: Ọ ga-enwerịrị opekata mpe mkpụrụedemede {length}
A63: validation_maxLength | B63: Validation message for maximum length. Used in: validators. | C63: Must be at most {length} characters | D63: Ọ ga-enwerịrị kacha mkpụrụedemede {length}
A64: syncStatus | B64: Upper-case caption on the alerts list screen, home screen. | C64: SYNC STATUS | D64: ỌNỌDỤ MMEKỌRỊTA | E64: Please check
A65: onlineJustNow | B65: UI text on the alerts list screen, home screen. | C65: Online • Just now | D65: Na ịntanetị • Ugbu a
A66: active | B66: UI text on the home screen. | C66: active | D66: na-arụ ọrụ
A67: pending | B67: UI text on the home screen, reports status screen. | C67: Pending | D67: Na-eche
A68: verified | B68: UI text on the reports status screen. | C68: Verified | D68: Enyochara
A69: approved | B69: UI text on the home screen, reports status screen. | C69: Approved | D69: Akwadoro
A70: floodsCategory | B70: UI text on the alerts list screen, home screen. | C70: Floods | D70: Iju Mmiri
A71: droughtsCategory | B71: UI text on the home screen. | C71: Droughts | D71: Ụkọ Mmiri | E71: Please check
A72: pestsCategory | B72: UI text on the alerts list screen, home screen. | C72: Pests | D72: Ụmụ Ahụhụ
A73: conflictsCategory | B73: UI text on the home screen. | C73: Conflicts | D73: Esemokwu
A74: noRecentAlerts | B74: UI text on the home screen. | C74: No recent alerts | D74: Enweghị ọkwa ọhụrụ
A75: selectZone | B75: UI text on the home screen, settings screen. | C75: Select Zone | D75: Họrọ Mpaghara
A76: activeZone | B76: UI text on the home screen, settings screen. | C76: Active | D76: Na-arụ ọrụ
A77: notSetZone | B77: UI text on the home screen, settings screen. | C77: Not Set | D77: Edobeghị
A78: reportsStatus | B78: UI text on the reports status screen. | C78: Reports Status | D78: Ọnọdụ Akụkọ
A79: rejected | B79: UI text on the reports status screen. | C79: Rejected | D79: Ajụrụ
A80: generateReport | B80: UI text on the reports status screen. | C80: Generate Report | D80: Mepụta Akụkọ
A81: noReportsStatus | B81: UI text on the reports status screen. | C81: No {status} Reports | D81: Enweghị Akụkọ {status}
A82: refresh | B82: Button label (keep short, max ~20 chars) on the admin screen, location picker screen, nearby reports screen. | C82: Refresh | D82: Mee ọhụrụ
A83: reportedBy | B83: UI text on the reports status screen. | C83: Reported by {name} | D83: Onye kọrọ: {name}
... A116: reportIdLabel | B116: Label/heading on the report review screen. | C116: REPORT ID | D116: NỌMBA AKỤKỌ
A117: queuedStatus | B117: Upper-case caption on the report review screen. | C117: QUEUED | D117: NA-ECHE N'AHỊRỊ | E117: May be too long
A118: sentStatus | B118: Upper-case caption on the report review screen. | C118: SENT | D118: EZIGARA
A119: returnToDashboard | B119: UI text on the report review screen. | C119: Return to Dashboard | D119: Laghachi na Ihuenyo Isi
A120: reviewReportTitle | B120: Label/heading on the report review screen. | C120: Review Report | D120: Nyochaa Akụkọ
A121: reviewReportDesc | B121: Message on the report review screen. | C121: Please review the details below to ensure accuracy before submitting to the central command. | D121: Biko nyochaa nkọwa ndị a dị n'okpuru ka ị hụ na ha ziri ezi tupu i zigara ha ụlọ ọrụ nchịkwa etiti.
A122: hazardDetails | B122: UI text on the report review screen. | C122: Hazard Details | D122: Nkọwa Ihe Egwu
A123: hazardType | B123: UI text on the admin reports screen, report review screen, verification request screen. | C123: Hazard Type | D123: Ụdị Ihe Egwu
A124: notSelected | B124: UI text on the report review screen. | C124: Not Selected | D124: Ahọrọghị
A125: severityLevelLabel | B125: Label/heading on the location picker screen, report review screen. | C125: Severity Level | D125: Ogo Njọ
A126: severityDesc | B126: Message on the location picker screen. | C126: Assess the intensity of the hazard. | D126: Tụlee ike ihe egwu ahụ.
A127: severityLowShort | B127: UI text on the location picker screen. | C127: Low | D127: Obere
A128: severityMedShort | B128: UI text on the location picker screen. | C128: Med | D128: Etiti
A129: severityHighShort | B129: UI text on the location picker screen. | C129: High | D129: Elu
A130: severityCritShort | B130: UI text on the location picker screen. | C130: Crit | D130: Oke | E130: Please check
A131: dateTimeLabel | B131: Label/heading on the report review screen. | C131: Date & Time | D131: Ụbọchị & Oge
A132: whenItOccurred | B132: UI text on the report review screen. | C132: When it occurred | D132: Mgbe o mere
A133: locationLabel | B133: Label/heading on the alert detail screen, registration screen, report review screen. | C133: Location | D133: Ebe
A134: notProvided | B134: UI text on the report review screen. | C134: Not Provided | D134: Enyeghị
A135: monitorNotes | B135: UI text on the report review screen. | C135: Monitor Notes | D135: Ndetu Onye Nlekọta
A136: noDescriptionProvided | B136: UI text on the admin reports screen, report review screen. | C136: No description provided | D136: Enyeghị nkọwa ọ bụla
A137: addPhotoBtn | B137: Button label (keep short, max ~20 chars) on the report review screen. | C137: Add | D137: Tinye
A138: submitReportBtn | B138: Button label (keep short, max ~20 chars) on the report review screen. | C138: Submit Report | D138: Zipu Akụkọ
A139: editBtn | B139: Button label (keep short, max ~20 chars) on the report review screen. | C139: Edit | D139: Dezie
A140: locationPermissionDenied | B140: UI text on the location picker screen. | C140: Location permission denied | D140: Ajụrụ ikike ebe ị nọ
A141: enableGpsMessage | B141: Message on the location picker screen. | C141: Unable to get location. Please enable GPS. | D141: Enweghị ike ịchọta ebe ị nọ. Biko gbanye GPS.
A142: locationError | B142: UI text on the location picker screen. | C142: Location error: | D142: Njehie ebe:
... A153: locationUnavailable | B153: UI text on the location picker screen. | C153: Location unavailable | D153: Ebe ị nọ adịghị
...

Sheet Nigerian Pidgin
A1: Key | B1: Where it appears | C1: English | D1: Translation | E1: AI flag | F1: Your correction | G1: Status | H1: Notes
A2: appTitle | B2: The application title. Used in: main. | C2: EWER Early Warning | D2: EWER Early Warning
A3: monitoringZone | B3: Label for monitoring zone header. Used in: home screen. | C3: Monitoring Zone | D3: Area Wey We Dey Watch
A4: toVerify | B4: Tab label for reports pending verification. Used in: home screen. | C4: To Verify | D4: To Confam
A5: alerts | B5: Tab label for alerts. Used in: alerts list screen, home screen. | C5: Alerts | D5: Alerts
A6: myReports | B6: Tab label for user's own reports. Used in: home screen, my reports screen, user profile screen. | C6: My Reports | D6: My Reports
A7: browseCategories | B7: Section header for hazard categories. Used in: home screen, knowledge base screen. | C7: Browse Categories | D7: Check Categories
A8: noReportsToVerify | B8: Empty state for verification tab. Used in: home screen. | C8: No reports to verify | D8: No report dey to confam
A9: noActiveAlerts | B9: Empty state for alerts tab. Used in: admin alerts screen, alerts list screen. | C9: No active alerts | D9: No alert dey now
A10: seeAll | B10: Link to view all items in a section. Used in: home screen, knowledge base screen. | C10: See All | D10: See Everything | E10: May be too long
A11: notifications | B11: Upper-case caption on the settings screen. | C11: NOTIFICATIONS | D11: NOTIFICATIONS
A12: pushNotifications | B12: UI text on the settings screen. | C12: Push Notifications | D12: Push Notifications
A13: general | B13: Upper-case caption on the settings screen. | C13: GENERAL | D13: GENERAL
A14: language | B14: UI text on the settings screen. | C14: Language | D14: Language
A15: helpFaq | B15: UI text on the settings screen. | C15: Help & FAQ | D15: Help & Questions
A16: aboutApp | B16: UI text on the about app screen, settings screen. | C16: About App | D16: About Di App
A17: logout | B17: Button label (keep short, max ~20 chars) on the access code verification screen, main shell screen, pending approval screen. | C17: Log Out | D17: Log Out | E17: Please check
A18: back | B18: Button label (keep short, max ~20 chars) on the settings screen. | C18: Back | D18: Go Back
A19: cancel | B19: Button label (keep short, max ~20 chars) on the admin knowledge screen, admin reports screen, admin users screen. | C19: Cancel | D19: Cancel
A20: save | B20: Button label (keep short, max ~20 chars) on the emergency contacts screen, user profile screen. | C20: Save | D20: Save
A21: delete | B21: Button label (keep short, max ~20 chars) on the admin knowledge screen, emergency contacts screen, notifications screen. | C21: Delete | D21: Delete
A22: edit | B22: Button label (keep short, max ~20 chars) on the emergency contacts screen. | C22: Edit | D22: Change
A23: continueButton | B23: Button label (keep short, max ~20 chars) on the hazard selection screen, permission service. | C23: Continue | D23: Continue
A24: retry | B24: Button label (keep short, max ~20 chars) on the admin reports screen, admin screen, admin users screen. | C24: Retry | D24: Try Again
A25: close | B25: Button label (keep short, max ~20 chars) on the about app screen, sos sheet. | C25: Close | D25: Close
A26: settingsTitle | B26: Settings screen title. Used in: settings screen. | C26: Settings | D26: Settings
A27: verifyPhoneNumber | B27: UI text on the otp verification screen. | C27: Verify Phone Number | D27: Confam Phone Number
A28: resendCode | B28: Button label (keep short, max ~20 chars) on the access code verification screen, otp verification screen. | C28: Resend Code | D28: Send Code Again
A29: verify | B29: Button label (keep short, max ~20 chars) on the user profile screen. | C29: Verify | D29: Confam
... A35: nextLocation | B35: UI text on the severity selection screen. | C35: Next: Location | D35: Next: Location
A36: lowMinorImpact | B36: UI text on the severity selection screen. | C36: Low - Minor impact | D36: Low - E no too bad | E36: Please check
A37: mediumNoticeableImpact | B37: UI text on the severity selection screen. | C37: Medium - Noticeable impact | D37: Medium - E dey show small
A38: highSignificantDamage | B38: UI text on the severity selection screen. | C38: High - Significant damage | D38: High - E don scatter plenty tins | E38: Please check
A39: criticalLifeThreatening | B39: UI text on the severity selection screen. | C39: Critical - Life threatening | D39: Critical - Life dey for danger
A40: camera | B40: UI text on the user profile screen. | C40: Camera | D40: Camera
A41: useMyLocationInfo | B41: UI text on the location picker screen. | C41: Use My Location Info | D41: Use My Location
A42: myProfile | B42: UI text on the user profile screen. | C42: My Profile | D42: My Profile
A43: editProfileDetails | B43: UI text on the user profile screen. | C43: Edit Profile Details | D43: Change Profile Details
A44: fullName | B44: UI text on the registration screen, user profile screen. | C44: Full Name | D44: Full Name
A45: emailAddress | B45: UI text on the forgot password screen, login screen, registration screen. | C45: Email Address | D45: Email Address
A46: biometricLogin | B46: UI text on the settings screen, user profile screen. | C46: Biometric Login | D46: Biometric Login
A47: enabled | B47: UI text on the user profile screen. | C47: Enabled | D47: E dey on
A48: disabled | B48: UI text on the user profile screen. | C48: Disabled | D48: E dey off
A49: languagePreference | B49: UI text on the user profile screen. | C49: Language Preference | D49: Language Wey You Like
A50: offlineDataSync | B50: UI text on the user profile screen. | C50: Offline Data Sync | D50: Offline Data Sync
... A72: pestsCategory | B72: UI text on the alerts list screen, home screen. | C72: Pests | D72: Pests
A73: conflictsCategory | B73: UI text on the home screen. | C73: Conflicts | D73: Clashes | E73: Please check
A74: noRecentAlerts | B74: UI text on the home screen. | C74: No recent alerts | D74: No new alert
A75: selectZone | B75: UI text on the home screen, settings screen. | C75: Select Zone | D75: Choose Zone
A76: activeZone | B76: UI text on the home screen, settings screen. | C76: Active | D76: Active
A77: notSetZone | B77: UI text on the home screen, settings screen. | C77: Not Set | D77: E never set
A78: reportsStatus | B78: UI text on the reports status screen. | C78: Reports Status | D78: Report Status
A79: rejected | B79: UI text on the reports status screen. | C79: Rejected | D79: Rejected
A80: generateReport | B80: UI text on the reports status screen. | C80: Generate Report | D80: Make Report
A81: noReportsStatus | B81: UI text on the reports status screen. | C81: No {status} Reports | D81: No {status} Report
A82: refresh | B82: Button label (keep short, max ~20 chars) on the admin screen, location picker screen, nearby reports screen. | C82: Refresh | D82: Refresh
A83: reportedBy | B83: UI text on the reports status screen. | C83: Reported by {name} | D83: {name} report am
A84: viewDetails | B84: UI text on the reports status screen. | C84: View Details | D84: See Details
A85: reportVerified | B85: UI text on the reports status screen. | C85: Report verified successfully | D85: Report don confam
... A88: reject | B88: Button label (keep short, max ~20 chars) on the admin reports screen, report staff actions, reports status screen. | C88: Reject | D88: Reject
A89: reportResolvedItem | B89: UI text on the peer verification service, reports status screen. | C89: Report approved | D89: Dem don approve di report | E89: May be too long
A90: markResolved | B90: Button label (keep short, max ~20 chars) on the reports status screen. | C90: Approve | D90: Approve
A91: reportMovedPending | B91: UI text on the reports status screen. | C91: Report moved back to Pending | D91: Report don go back to Pending
A92: reopen | B92: Button label (keep short, max ~20 chars) on the report staff actions, reports status screen. | C92: Reopen | D92: Open Am Again | E92: May be too long
A93: reportReopenedPending | B93: UI text on the reports status screen. | C93: Report reopened and moved to Pending | D93: Report don open again, e dey Pending
A94: reportDetailsTitle | B94: Label/heading on the admin reports screen, location picker screen, report details screen. | C94: Report Details | D94: Report Details
A95: descriptionLabel | B95: Label/heading on the admin reports screen, alert detail screen, report details screen. | C95: Description | D95: Description
A96: describeHazardHint | B96: Message on the report details screen. | C96: Describe the hazard here (e.g. flood levels rising, bridge collapsed)... | D96: Talk wetin happen here (e.g. flood water dey rise, bridge don fall)...
A97: speechNotAvailable | B97: UI text on the report details screen. | C97: Speech recognition not available | D97: Voice-to-text no dey work
A98: listeningSpeakNow | B98: UI text on the report details screen. | C98: Listening... Speak now | D98: E dey listen... Talk now
A99: beSpecificLocationSeverity | B99: Message on the report details screen. | C99: Be specific about location and severity. | D99: Talk di exact place and how bad e be.
A100: whenDidThisOccur | B100: UI text on the report details screen. | C100: When Did This Occur? | D100: When Dis Tin Happen?
A101: optionalLabel | B101: Label/heading on the report details screen. | C101: Optional | D101: If you like
A102: todayLabel | B102: Label/heading on the report details screen. | C102: Today | D102: Today
A103: tapToSelectDateTime | B103: Message on the report details screen. | C103: Tap to select date & time. Defaults to now if not changed. | D103: Tap to choose date & time. If you no change am, e go use now-now.
A104: evidenceLabel | B104: Label/heading on the report details screen, report review screen. | C104: Evidence | D104: Evidence
... A221: navAdmin | B221: Bottom navigation tab label for the admin portal (max ~10 chars). | C221: Admin | D221: Admin
A222: homeGreeting | B222: Greeting at the top of the home screen; {name} is the user's first name. | C222: Hello, {name} | D222: Welcome, {name} | E222: Please check
A223: hazardFlooding | B223: Hazard type name (chips, lists, report details). Keep short (max ~20 chars). | C223: Flooding | D223: Flood
A224: hazardExtremeTemperatures | B224: Hazard type name (heat waves / extreme heat or cold). Keep short (max ~22 chars). | C224: Extreme Temperatures | D224: Heat or Cold Too Much | E224: Please check
A225: hazardDrought | B225: Hazard type name. Keep short (max ~20 chars). | C225: Drought | D225: Drought
A226: hazardWindstorms | B226: Hazard type name. Keep short (max ~20 chars). | C226: Windstorms | D226: Strong Breeze | E226: Please check
A227: hazardWildfires | B227: Hazard type name (bush fires). Keep short (max ~20 chars). | C227: Wildfires | D227: Bush Fire | E227: Please check
A228: hazardErosion | B228: Hazard type name (gully erosion, landslides). Keep short (max ~20 chars). | C228: Erosion | D228: Erosion
A229: hazardPestOutbreak | B229: Hazard type name. Keep short (max ~20 chars). | C229: Pest Outbreak | D229: Pests Don Scatter | E229: Please check
A230: hazardCropDisease | B230: Hazard type name. Keep short (max ~20 chars). | C230: Crop Disease | D230: Crop Sickness
A231: hazardConflict | B231: Hazard type name (e.g. farmer-herder clashes). Keep short (max ~20 chars). | C231: Conflict | D231: Clash | E231: Please check
A232: hazardUnknown | B232: Shown when a report's hazard type is missing. | C232: Unknown Hazard | D232: Hazard Wey We No Know
A233: hazardTitleFlooding | B233: Headline on report cards for a flooding report. | C233: Flood Alert | D233: Flood Alert
A234: hazardTitleExtremeTemperatures | B234: Headline on report cards for an extreme-temperature report. | C234: Temperature Extreme | D234: Heat/Cold Too Much | E234: Please check
A235: hazardTitleDrought | B235: Headline on report cards for a drought report. | C235: Drought Warning | D235: Drought Warning
A236: hazardTitleWindstorms | B236: Headline on report cards for a windstorm report. | C236: High Wind Alert | D236: Strong Breeze Alert
A237: hazardTitleWildfires | B237: Headline on report cards for a wildfire report. | C237: Wildfire Report | D237: Bush Fire Report
A238: hazardTitleErosion | B238: Headline on report cards for an erosion report. | C238: Erosion Report | D238: Erosion Report
A239: hazardTitlePestOutbreak | B239: Headline on report cards for a pest outbreak report. | C239: Pest Outbreak | D239: Pests Don Scatter
A240: hazardTitleCropDisease | B240: Headline on report cards for a crop disease report. | C240: Crop Disease | D240: Crop Sickness
A241: hazardTitleConflict | B241: Headline on report cards for a conflict report. | C241: Conflict Report | D241: Clash Report | E241: Please check
A242: timeJustNow | B242: Relative time for something that happened less than a minute ago. | C242: Just now | D242: Just now
A243: timeMinutesAgo | B243: Compact relative time in minutes (e.g. '5m ago') on report cards. Keep very short. | C243: {count, plural, other{{count}m ago}} | D243: {count, plural, other{{count}m ago}}
A244: timeHoursAgo | B244: Compact relative time in hours (e.g. '3h ago') on report cards. Keep very short. | C244: {count, plural, other{{count}h ago}} | D244: {count, plural, other{{count}h ago}}
...
